[
    {
        "doctor_name": "Dr. Ananya Iyer",
        "specialization": "General Practitioner",
        "location": "T. Nagar, Chennai",
        "contact": "ananya.iyer@healthcare.org",
        "phone": "+91 90086 56547",
        "rating": 4.8,
        "latitude": 13.04,
        "longitude": 80.2238,
        "appointment_time": "2024-10-11T06:53:34"
    },
    {
        "doctor_name": "Dr. Riya Sharma",
        "specialization": "Orthopedic Surgeon",
        "location": "Alwarpet, Chennai",
        "contact": "riya.sharma@mail.com",
        "phone": "+91 70855 11073",
        "rating": 4.4,
        "latitude": 13.0364,
        "longitude": 80.246,
        "appointment_time": "2024-10-31T13:53:34"
    },
    {
        "doctor_name": "Dr. Riya Reddy",
        "specialization": "Pulmonologist",
        "location": "Thousand Lights, Chennai",
        "contact": "riya.reddy@example.com",
        "phone": "+91 84840 68349",
        "rating": 4.0,
        "latitude": 13.0633,
        "longitude": 80.2785,
        "appointment_time": "2024-10-29T11:53:34"
    },
    {
        "doctor_name": "Dr. Riya Singh",
        "specialization": "Pediatrician",
        "location": "Adyar, Chennai",
        "contact": "riya.singh@healthcare.org",
        "phone": "+91 99059 20128",
        "rating": 4.1,
        "latitude": 13.002,
        "longitude": 80.2521,
        "appointment_time": "2024-10-26T12:53:34"
    },
    {
        "doctor_name": "Dr. Priya Reddy",
        "specialization": "Cardiologist",
        "location": "Alwarpet, Chennai",
        "contact": "priya.reddy@mail.com",
        "phone": "+91 73784 51087",
        "rating": 4.5,
        "latitude": 13.0364,
        "longitude": 80.246,
        "appointment_time": "2024-10-19T13:53:34"
    },
    {
        "doctor_name": "Dr. Rohan Verma",
        "specialization": "Pulmonologist",
        "location": "Perumbakkam, Chennai",
        "contact": "rohan.verma@mail.com",
        "phone": "+91 84653 83084",
        "rating": 4.1,
        "latitude": 12.9636,
        "longitude": 80.2031,
        "appointment_time": "2024-11-03T08:53:34"
    },
    {
        "doctor_name": "Dr. Aarav Das",
        "specialization": "General Practitioner",
        "location": "Anna Nagar, Chennai",
        "contact": "aarav.das@mail.com",
        "phone": "+91 72025 25087",
        "rating": 4.2,
        "latitude": 13.0704,
        "longitude": 80.2275,
        "appointment_time": "2024-10-12T10:53:34"
    },
    {
        "doctor_name": "Dr. Diya Verma",
        "specialization": "Pulmonologist",
        "location": "Anna Nagar, Chennai",
        "contact": "diya.verma@mail.com",
        "phone": "+91 84755 16460",
        "rating": 4.0,
        "latitude": 13.0704,
        "longitude": 80.2275,
        "appointment_time": "2024-10-16T07:53:34"
    },
    {
        "doctor_name": "Dr. Riya Mishra",
        "specialization": "Psychiatrist",
        "location": "Porur, Chennai",
        "contact": "riya.mishra@healthcare.org",
        "phone": "+91 72087 99595",
        "rating": 4.4,
        "latitude": 13.0013,
        "longitude": 80.1991,
        "appointment_time": "2024-11-04T11:53:34"
    },
    {
        "doctor_name": "Dr. Priya Gupta",
        "specialization": "Cardiologist",
        "location": "Adyar, Chennai",
        "contact": "priya.gupta@mail.com",
        "phone": "+91 74444 63024",
        "rating": 4.6,
        "latitude": 13.002,
        "longitude": 80.2521,
        "appointment_time": "2024-10-13T11:53:34"
    },
    {
        "doctor_name": "Dr. Vikram Sharma",
        "specialization": "Cardiologist",
        "location": "T. Nagar, Chennai",
        "contact": "vikram.sharma@mail.com",
        "phone": "+91 84898 40450",
        "rating": 4.9,
        "latitude": 13.04,
        "longitude": 80.2238,
        "appointment_time": "2024-10-14T07:53:34"
    },
    {
        "doctor_name": "Dr. Priya Verma",
        "specialization": "Dermatologist",
        "location": "Perumbakkam, Chennai",
        "contact": "priya.verma@example.com",
        "phone": "+91 93712 32489",
        "rating": 4.4,
        "latitude": 12.9636,
        "longitude": 80.2031,
        "appointment_time": "2024-11-01T07:53:34"
    },
    {
        "doctor_name": "Dr. Diya Gupta",
        "specialization": "Cardiologist",
        "location": "Anna Nagar, Chennai",
        "contact": "diya.gupta@example.com",
        "phone": "+91 78751 33990",
        "rating": 4.8,
        "latitude": 13.0704,
        "longitude": 80.2275,
        "appointment_time": "2024-11-02T09:53:34"
    },
    {
        "doctor_name": "Dr. Meera Iyer",
        "specialization": "Psychiatrist",
        "location": "Adyar, Chennai",
        "contact": "meera.iyer@example.com",
        "phone": "+91 89282 66950",
        "rating": 4.9,
        "latitude": 13.002,
        "longitude": 80.2521,
        "appointment_time": "2024-10-18T09:53:34"
    },
    {
        "doctor_name": "Dr. Siddharth Das",
        "specialization": "Psychiatrist",
        "location": "Adyar, Chennai",
        "contact": "siddharth.das@mail.com",
        "phone": "+91 94050 68749",
        "rating": 4.1,
        "latitude": 13.002,
        "longitude": 80.2521,
        "appointment_time": "2024-11-07T10:53:34"
    },
    {
        "doctor_name": "Dr. Riya Das",
        "specialization": "Gastroenterologist",
        "location": "Thousand Lights, Chennai",
        "contact": "riya.das@example.com",
        "phone": "+91 72243 43100",
        "rating": 4.9,
        "latitude": 13.0633,
        "longitude": 80.2785,
        "appointment_time": "2024-10-24T07:53:34"
    },
    {
        "doctor_name": "Dr. Aarav Sharma",
        "specialization": "Pulmonologist",
        "location": "Vadapalani, Chennai",
        "contact": "aarav.sharma@healthcare.org",
        "phone": "+91 92048 62539",
        "rating": 4.8,
        "latitude": 13.0498,
        "longitude": 80.2265,
        "appointment_time": "2024-10-14T09:53:34"
    },
    {
        "doctor_name": "Dr. Aarav Das",
        "specialization": "Gynecologist",
        "location": "Anna Nagar, Chennai",
        "contact": "aarav.das@example.com",
        "phone": "+91 82679 48852",
        "rating": 4.0,
        "latitude": 13.0704,
        "longitude": 80.2275,
        "appointment_time": "2024-10-09T07:53:34"
    },
    {
        "doctor_name": "Dr. Aarav Mishra",
        "specialization": "Gynecologist",
        "location": "Perumbakkam, Chennai",
        "contact": "aarav.mishra@healthcare.org",
        "phone": "+91 89822 43815",
        "rating": 4.7,
        "latitude": 12.9636,
        "longitude": 80.2031,
        "appointment_time": "2024-10-26T05:53:34"
    },
    {
        "doctor_name": "Dr. Arjun Nair",
        "specialization": "Cardiologist",
        "location": "Anna Nagar, Chennai",
        "contact": "arjun.nair@healthcare.org",
        "phone": "+91 99845 94524",
        "rating": 4.4,
        "latitude": 13.0704,
        "longitude": 80.2275,
        "appointment_time": "2024-10-20T08:53:34"
    },
    {
        "doctor_name": "Dr. Vikram Sharma",
        "specialization": "Pulmonologist",
        "location": "Anna Nagar, Chennai",
        "contact": "vikram.sharma@healthcare.org",
        "phone": "+91 90027 94260",
        "rating": 5.0,
        "latitude": 13.0704,
        "longitude": 80.2275,
        "appointment_time": "2024-11-02T11:53:34"
    },
    {
        "doctor_name": "Dr. Arjun Gupta",
        "specialization": "Pediatrician",
        "location": "Perumbakkam, Chennai",
        "contact": "arjun.gupta@mail.com",
        "phone": "+91 80316 14724",
        "rating": 4.7,
        "latitude": 12.9636,
        "longitude": 80.2031,
        "appointment_time": "2024-10-14T05:53:34"
    },
    {
        "doctor_name": "Dr. Diya Sharma",
        "specialization": "Pulmonologist",
        "location": "T. Nagar, Chennai",
        "contact": "diya.sharma@healthcare.org",
        "phone": "+91 79019 62605",
        "rating": 4.1,
        "latitude": 13.04,
        "longitude": 80.2238,
        "appointment_time": "2024-11-07T09:53:34"
    },
    {
        "doctor_name": "Dr. Diya Singh",
        "specialization": "Gastroenterologist",
        "location": "Adyar, Chennai",
        "contact": "diya.singh@mail.com",
        "phone": "+91 78331 40278",
        "rating": 4.8,
        "latitude": 13.002,
        "longitude": 80.2521,
        "appointment_time": "2024-10-22T12:53:34"
    },
    {
        "doctor_name": "Dr. Arjun Sharma",
        "specialization": "Dermatologist",
        "location": "Vadapalani, Chennai",
        "contact": "arjun.sharma@mail.com",
        "phone": "+91 95879 88618",
        "rating": 4.5,
        "latitude": 13.0498,
        "longitude": 80.2265,
        "appointment_time": "2024-10-17T09:53:34"
    },
    {
        "doctor_name": "Dr. Siddharth Das",
        "specialization": "General Practitioner",
        "location": "Thousand Lights, Chennai",
        "contact": "siddharth.das@mail.com",
        "phone": "+91 77003 19915",
        "rating": 4.7,
        "latitude": 13.0633,
        "longitude": 80.2785,
        "appointment_time": "2024-10-12T06:53:34"
    },
    {
        "doctor_name": "Dr. Priya Singh",
        "specialization": "Gastroenterologist",
        "location": "Alwarpet, Chennai",
        "contact": "priya.singh@healthcare.org",
        "phone": "+91 70361 14601",
        "rating": 4.4,
        "latitude": 13.0364,
        "longitude": 80.246,
        "appointment_time": "2024-10-17T11:53:34"
    },
    {
        "doctor_name": "Dr. Rohan Nair",
        "specialization": "Pulmonologist",
        "location": "Vadapalani, Chennai",
        "contact": "rohan.nair@example.com",
        "phone": "+91 99591 48428",
        "rating": 4.8,
        "latitude": 13.0498,
        "longitude": 80.2265,
        "appointment_time": "2024-10-19T07:53:34"
    },
    {
        "doctor_name": "Dr. Aarav Mishra",
        "specialization": "Endocrinologist",
        "location": "Manapakkam, Chennai",
        "contact": "aarav.mishra@example.com",
        "phone": "+91 74826 59818",
        "rating": 5.0,
        "latitude": 13.0181,
        "longitude": 80.1975,
        "appointment_time": "2024-10-14T10:53:34"
    },
    {
        "doctor_name": "Dr. Diya Iyer",
        "specialization": "Psychiatrist",
        "location": "Vadapalani, Chennai",
        "contact": "diya.iyer@mail.com",
        "phone": "+91 94434 98779",
        "rating": 4.7,
        "latitude": 13.0498,
        "longitude": 80.2265,
        "appointment_time": "2024-10-11T06:53:34"
    },
    {
        "doctor_name": "Dr. Rohan Verma",
        "specialization": "Endocrinologist",
        "location": "T. Nagar, Chennai",
        "contact": "rohan.verma@mail.com",
        "phone": "+91 82558 98073",
        "rating": 4.9,
        "latitude": 13.04,
        "longitude": 80.2238,
        "appointment_time": "2024-10-09T09:53:34"
    },
    {
        "doctor_name": "Dr. Vikram Verma",
        "specialization": "Psychiatrist",
        "location": "T. Nagar, Chennai",
        "contact": "vikram.verma@healthcare.org",
        "phone": "+91 89329 42123",
        "rating": 4.6,
        "latitude": 13.04,
        "longitude": 80.2238,
        "appointment_time": "2024-10-15T05:53:34"
    },
    {
        "doctor_name": "Dr. Aarav Mishra",
        "specialization": "General Practitioner",
        "location": "Alwarpet, Chennai",
        "contact": "aarav.mishra@mail.com",
        "phone": "+91 93528 71241",
        "rating": 4.9,
        "latitude": 13.0364,
        "longitude": 80.246,
        "appointment_time": "2024-11-05T08:53:34"
    },
    {
        "doctor_name": "Dr. Siddharth Nair",
        "specialization": "General Practitioner",
        "location": "Thousand Lights, Chennai",
        "contact": "siddharth.nair@healthcare.org",
        "phone": "+91 83715 90115",
        "rating": 4.8,
        "latitude": 13.0633,
        "longitude": 80.2785,
        "appointment_time": "2024-11-07T07:53:34"
    },
    {
        "doctor_name": "Dr. Siddharth Singh",
        "specialization": "Pediatrician",
        "location": "Manapakkam, Chennai",
        "contact": "siddharth.singh@mail.com",
        "phone": "+91 82854 33111",
        "rating": 4.1,
        "latitude": 13.0181,
        "longitude": 80.1975,
        "appointment_time": "2024-10-17T10:53:34"
    },
    {
        "doctor_name": "Dr. Meera Reddy",
        "specialization": "Pediatrician",
        "location": "Adyar, Chennai",
        "contact": "meera.reddy@mail.com",
        "phone": "+91 81280 73358",
        "rating": 4.1,
        "latitude": 13.002,
        "longitude": 80.2521,
        "appointment_time": "2024-10-26T05:53:34"
    },
    {
        "doctor_name": "Dr. Arjun Iyer",
        "specialization": "Psychiatrist",
        "location": "Alwarpet, Chennai",
        "contact": "arjun.iyer@healthcare.org",
        "phone": "+91 91826 35228",
        "rating": 4.1,
        "latitude": 13.0364,
        "longitude": 80.246,
        "appointment_time": "2024-10-20T10:53:34"
    },
    {
        "doctor_name": "Dr. Rohan Das",
        "specialization": "Gynecologist",
        "location": "Porur, Chennai",
        "contact": "rohan.das@healthcare.org",
        "phone": "+91 82264 39071",
        "rating": 4.4,
        "latitude": 13.0013,
        "longitude": 80.1991,
        "appointment_time": "2024-10-26T12:53:34"
    },
    {
        "doctor_name": "Dr. Ananya Reddy",
        "specialization": "Gastroenterologist",
        "location": "Alwarpet, Chennai",
        "contact": "ananya.reddy@mail.com",
        "phone": "+91 90445 66974",
        "rating": 4.4,
        "latitude": 13.0364,
        "longitude": 80.246,
        "appointment_time": "2024-11-06T09:53:34"
    },
    {
        "doctor_name": "Dr. Diya Patel",
        "specialization": "General Practitioner",
        "location": "Adyar, Chennai",
        "contact": "diya.patel@example.com",
        "phone": "+91 74148 99051",
        "rating": 5.0,
        "latitude": 13.002,
        "longitude": 80.2521,
        "appointment_time": "2024-10-28T05:53:34"
    },
    {
        "doctor_name": "Dr. Rohan Patel",
        "specialization": "Endocrinologist",
        "location": "Manapakkam, Chennai",
        "contact": "rohan.patel@example.com",
        "phone": "+91 97333 56298",
        "rating": 4.9,
        "latitude": 13.0181,
        "longitude": 80.1975,
        "appointment_time": "2024-11-03T05:53:34"
    },
    {
        "doctor_name": "Dr. Siddharth Sharma",
        "specialization": "Gynecologist",
        "location": "Perumbakkam, Chennai",
        "contact": "siddharth.sharma@example.com",
        "phone": "+91 89666 44507",
        "rating": 4.4,
        "latitude": 12.9636,
        "longitude": 80.2031,
        "appointment_time": "2024-10-31T06:53:34"
    },
    {
        "doctor_name": "Dr. Priya Gupta",
        "specialization": "General Practitioner",
        "location": "Alwarpet, Chennai",
        "contact": "priya.gupta@mail.com",
        "phone": "+91 82607 56459",
        "rating": 4.9,
        "latitude": 13.0364,
        "longitude": 80.246,
        "appointment_time": "2024-11-04T07:53:34"
    },
    {
        "doctor_name": "Dr. Diya Reddy",
        "specialization": "General Practitioner",
        "location": "Adyar, Chennai",
        "contact": "diya.reddy@healthcare.org",
        "phone": "+91 78708 51581",
        "rating": 4.3,
        "latitude": 13.002,
        "longitude": 80.2521,
        "appointment_time": "2024-10-13T05:53:34"
    },
    {
        "doctor_name": "Dr. Priya Reddy",
        "specialization": "Pediatrician",
        "location": "Adyar, Chennai",
        "contact": "priya.reddy@mail.com",
        "phone": "+91 89386 37314",
        "rating": 4.3,
        "latitude": 13.002,
        "longitude": 80.2521,
        "appointment_time": "2024-10-31T13:53:34"
    },
    {
        "doctor_name": "Dr. Arjun Singh",
        "specialization": "Psychiatrist",
        "location": "Thousand Lights, Chennai",
        "contact": "arjun.singh@mail.com",
        "phone": "+91 86256 18566",
        "rating": 4.3,
        "latitude": 13.0633,
        "longitude": 80.2785,
        "appointment_time": "2024-10-23T11:53:34"
    },
    {
        "doctor_name": "Dr. Siddharth Nair",
        "specialization": "Pediatrician",
        "location": "Vadapalani, Chennai",
        "contact": "siddharth.nair@example.com",
        "phone": "+91 94755 98345",
        "rating": 4.6,
        "latitude": 13.0498,
        "longitude": 80.2265,
        "appointment_time": "2024-10-26T11:53:34"
    },
    {
        "doctor_name": "Dr. Siddharth Patel",
        "specialization": "Gastroenterologist",
        "location": "Manapakkam, Chennai",
        "contact": "siddharth.patel@healthcare.org",
        "phone": "+91 72582 97876",
        "rating": 4.1,
        "latitude": 13.0181,
        "longitude": 80.1975,
        "appointment_time": "2024-10-28T11:53:34"
    },
    {
        "doctor_name": "Dr. Aarav Sharma",
        "specialization": "Psychiatrist",
        "location": "Alwarpet, Chennai",
        "contact": "aarav.sharma@healthcare.org",
        "phone": "+91 96705 94719",
        "rating": 4.4,
        "latitude": 13.0364,
        "longitude": 80.246,
        "appointment_time": "2024-10-23T13:53:34"
    },
    {
        "doctor_name": "Dr. Rohan Nair",
        "specialization": "Gynecologist",
        "location": "Thousand Lights, Chennai",
        "contact": "rohan.nair@healthcare.org",
        "phone": "+91 94052 92385",
        "rating": 4.1,
        "latitude": 13.0633,
        "longitude": 80.2785,
        "appointment_time": "2024-10-23T08:53:34"
    },
    {
        "doctor_name": "Dr. Siddharth Reddy",
        "specialization": "General Practitioner",
        "location": "Anna Nagar, Chennai",
        "contact": "siddharth.reddy@example.com",
        "phone": "+91 90200 13564",
        "rating": 5.0,
        "latitude": 13.0704,
        "longitude": 80.2275,
        "appointment_time": "2024-11-05T10:53:34"
    },
    {
        "doctor_name": "Dr. Aarav Singh",
        "specialization": "Orthopedic Surgeon",
        "location": "Alwarpet, Chennai",
        "contact": "aarav.singh@example.com",
        "phone": "+91 76114 75742",
        "rating": 4.1,
        "latitude": 13.0364,
        "longitude": 80.246,
        "appointment_time": "2024-11-06T11:53:34"
    },
    {
        "doctor_name": "Dr. Vikram Iyer",
        "specialization": "Pulmonologist",
        "location": "Adyar, Chennai",
        "contact": "vikram.iyer@healthcare.org",
        "phone": "+91 87511 26998",
        "rating": 4.3,
        "latitude": 13.002,
        "longitude": 80.2521,
        "appointment_time": "2024-10-30T11:53:34"
    },
    {
        "doctor_name": "Dr. Diya Gupta",
        "specialization": "Orthopedic Surgeon",
        "location": "Vadapalani, Chennai",
        "contact": "diya.gupta@mail.com",
        "phone": "+91 85615 58122",
        "rating": 4.5,
        "latitude": 13.0498,
        "longitude": 80.2265,
        "appointment_time": "2024-11-07T08:53:34"
    },
    {
        "doctor_name": "Dr. Siddharth Patel",
        "specialization": "Orthopedic Surgeon",
        "location": "Adyar, Chennai",
        "contact": "siddharth.patel@healthcare.org",
        "phone": "+91 79895 48117",
        "rating": 5.0,
        "latitude": 13.002,
        "longitude": 80.2521,
        "appointment_time": "2024-11-01T05:53:34"
    },
    {
        "doctor_name": "Dr. Siddharth Verma",
        "specialization": "General Practitioner",
        "location": "Manapakkam, Chennai",
        "contact": "siddharth.verma@healthcare.org",
        "phone": "+91 76036 99360",
        "rating": 4.2,
        "latitude": 13.0181,
        "longitude": 80.1975,
        "appointment_time": "2024-10-16T06:53:34"
    },
    {
        "doctor_name": "Dr. Diya Verma",
        "specialization": "Orthopedic Surgeon",
        "location": "T. Nagar, Chennai",
        "contact": "diya.verma@healthcare.org",
        "phone": "+91 71981 95137",
        "rating": 4.9,
        "latitude": 13.04,
        "longitude": 80.2238,
        "appointment_time": "2024-10-14T09:53:34"
    },
    {
        "doctor_name": "Dr. Aarav Iyer",
        "specialization": "Pulmonologist",
        "location": "Thousand Lights, Chennai",
        "contact": "aarav.iyer@example.com",
        "phone": "+91 71093 46627",
        "rating": 4.8,
        "latitude": 13.0633,
        "longitude": 80.2785,
        "appointment_time": "2024-10-09T06:53:34"
    },
    {
        "doctor_name": "Dr. Riya Reddy",
        "specialization": "Pulmonologist",
        "location": "Adyar, Chennai",
        "contact": "riya.reddy@healthcare.org",
        "phone": "+91 89958 93857",
        "rating": 4.4,
        "latitude": 13.002,
        "longitude": 80.2521,
        "appointment_time": "2024-10-10T13:53:34"
    },
    {
        "doctor_name": "Dr. Ananya Nair",
        "specialization": "Endocrinologist",
        "location": "Anna Nagar, Chennai",
        "contact": "ananya.nair@healthcare.org",
        "phone": "+91 73737 32704",
        "rating": 4.1,
        "latitude": 13.0704,
        "longitude": 80.2275,
        "appointment_time": "2024-10-29T12:53:34"
    },
    {
        "doctor_name": "Dr. Ananya Singh",
        "specialization": "General Practitioner",
        "location": "Alwarpet, Chennai",
        "contact": "ananya.singh@healthcare.org",
        "phone": "+91 81297 88054",
        "rating": 4.6,
        "latitude": 13.0364,
        "longitude": 80.246,
        "appointment_time": "2024-10-27T06:53:34"
    },
    {
        "doctor_name": "Dr. Diya Nair",
        "specialization": "Gastroenterologist",
        "location": "Perumbakkam, Chennai",
        "contact": "diya.nair@healthcare.org",
        "phone": "+91 91615 41509",
        "rating": 4.3,
        "latitude": 12.9636,
        "longitude": 80.2031,
        "appointment_time": "2024-10-26T08:53:34"
    },
    {
        "doctor_name": "Dr. Diya Verma",
        "specialization": "Dermatologist",
        "location": "Anna Nagar, Chennai",
        "contact": "diya.verma@mail.com",
        "phone": "+91 86046 57129",
        "rating": 4.7,
        "latitude": 13.0704,
        "longitude": 80.2275,
        "appointment_time": "2024-10-17T09:53:34"
    },
    {
        "doctor_name": "Dr. Siddharth Reddy",
        "specialization": "General Practitioner",
        "location": "Anna Nagar, Chennai",
        "contact": "siddharth.reddy@example.com",
        "phone": "+91 96043 43146",
        "rating": 4.2,
        "latitude": 13.0704,
        "longitude": 80.2275,
        "appointment_time": "2024-10-15T07:53:34"
    },
    {
        "doctor_name": "Dr. Siddharth Nair",
        "specialization": "Pulmonologist",
        "location": "Porur, Chennai",
        "contact": "siddharth.nair@healthcare.org",
        "phone": "+91 86363 10690",
        "rating": 5.0,
        "latitude": 13.0013,
        "longitude": 80.1991,
        "appointment_time": "2024-10-19T13:53:34"
    },
    {
        "doctor_name": "Dr. Riya Iyer",
        "specialization": "Endocrinologist",
        "location": "Anna Nagar, Chennai",
        "contact": "riya.iyer@example.com",
        "phone": "+91 89505 83094",
        "rating": 4.1,
        "latitude": 13.0704,
        "longitude": 80.2275,
        "appointment_time": "2024-10-14T10:53:34"
    },
    {
        "doctor_name": "Dr. Priya Verma",
        "specialization": "Gastroenterologist",
        "location": "Vadapalani, Chennai",
        "contact": "priya.verma@mail.com",
        "phone": "+91 91399 40945",
        "rating": 4.7,
        "latitude": 13.0498,
        "longitude": 80.2265,
        "appointment_time": "2024-11-01T08:53:34"
    },
    {
        "doctor_name": "Dr. Riya Verma",
        "specialization": "Gynecologist",
        "location": "T. Nagar, Chennai",
        "contact": "riya.verma@mail.com",
        "phone": "+91 71800 47669",
        "rating": 4.4,
        "latitude": 13.04,
        "longitude": 80.2238,
        "appointment_time": "2024-10-11T12:53:34"
    },
    {
        "doctor_name": "Dr. Vikram Mishra",
        "specialization": "Gastroenterologist",
        "location": "T. Nagar, Chennai",
        "contact": "vikram.mishra@example.com",
        "phone": "+91 92060 66130",
        "rating": 4.3,
        "latitude": 13.04,
        "longitude": 80.2238,
        "appointment_time": "2024-10-21T13:53:34"
    },
    {
        "doctor_name": "Dr. Siddharth Patel",
        "specialization": "Orthopedic Surgeon",
        "location": "Alwarpet, Chennai",
        "contact": "siddharth.patel@healthcare.org",
        "phone": "+91 74843 27644",
        "rating": 4.8,
        "latitude": 13.0364,
        "longitude": 80.246,
        "appointment_time": "2024-10-21T09:53:34"
    },
    {
        "doctor_name": "Dr. Diya Gupta",
        "specialization": "Pulmonologist",
        "location": "Porur, Chennai",
        "contact": "diya.gupta@mail.com",
        "phone": "+91 85723 24210",
        "rating": 4.0,
        "latitude": 13.0013,
        "longitude": 80.1991,
        "appointment_time": "2024-11-02T13:53:34"
    },
    {
        "doctor_name": "Dr. Ananya Patel",
        "specialization": "Pediatrician",
        "location": "Alwarpet, Chennai",
        "contact": "ananya.patel@example.com",
        "phone": "+91 99484 28473",
        "rating": 4.5,
        "latitude": 13.0364,
        "longitude": 80.246,
        "appointment_time": "2024-10-22T10:53:34"
    },
    {
        "doctor_name": "Dr. Ananya Iyer",
        "specialization": "Cardiologist",
        "location": "Thousand Lights, Chennai",
        "contact": "ananya.iyer@example.com",
        "phone": "+91 76482 71831",
        "rating": 4.8,
        "latitude": 13.0633,
        "longitude": 80.2785,
        "appointment_time": "2024-10-21T11:53:34"
    },
    {
        "doctor_name": "Dr. Arjun Sharma",
        "specialization": "Psychiatrist",
        "location": "Porur, Chennai",
        "contact": "arjun.sharma@example.com",
        "phone": "+91 74580 58996",
        "rating": 4.4,
        "latitude": 13.0013,
        "longitude": 80.1991,
        "appointment_time": "2024-10-17T07:53:34"
    },
    {
        "doctor_name": "Dr. Riya Singh",
        "specialization": "General Practitioner",
        "location": "Alwarpet, Chennai",
        "contact": "riya.singh@mail.com",
        "phone": "+91 96085 80715",
        "rating": 4.1,
        "latitude": 13.0364,
        "longitude": 80.246,
        "appointment_time": "2024-10-27T11:53:34"
    },
    {
        "doctor_name": "Dr. Rohan Gupta",
        "specialization": "Psychiatrist",
        "location": "Alwarpet, Chennai",
        "contact": "rohan.gupta@mail.com",
        "phone": "+91 87913 82719",
        "rating": 4.0,
        "latitude": 13.0364,
        "longitude": 80.246,
        "appointment_time": "2024-10-19T13:53:34"
    },
    {
        "doctor_name": "Dr. Arjun Patel",
        "specialization": "Gynecologist",
        "location": "Thousand Lights, Chennai",
        "contact": "arjun.patel@mail.com",
        "phone": "+91 89019 12410",
        "rating": 4.8,
        "latitude": 13.0633,
        "longitude": 80.2785,
        "appointment_time": "2024-11-07T06:53:34"
    },
    {
        "doctor_name": "Dr. Rohan Singh",
        "specialization": "Endocrinologist",
        "location": "Anna Nagar, Chennai",
        "contact": "rohan.singh@mail.com",
        "phone": "+91 73619 45314",
        "rating": 4.2,
        "latitude": 13.0704,
        "longitude": 80.2275,
        "appointment_time": "2024-10-25T05:53:34"
    },
    {
        "doctor_name": "Dr. Aarav Nair",
        "specialization": "Psychiatrist",
        "location": "Vadapalani, Chennai",
        "contact": "aarav.nair@mail.com",
        "phone": "+91 86293 96194",
        "rating": 4.0,
        "latitude": 13.0498,
        "longitude": 80.2265,
        "appointment_time": "2024-10-23T11:53:34"
    },
    {
        "doctor_name": "Dr. Aarav Nair",
        "specialization": "Gastroenterologist",
        "location": "Porur, Chennai",
        "contact": "aarav.nair@example.com",
        "phone": "+91 82080 76861",
        "rating": 4.4,
        "latitude": 13.0013,
        "longitude": 80.1991,
        "appointment_time": "2024-10-13T06:53:34"
    },
    {
        "doctor_name": "Dr. Meera Sharma",
        "specialization": "Cardiologist",
        "location": "Anna Nagar, Chennai",
        "contact": "meera.sharma@example.com",
        "phone": "+91 81162 11688",
        "rating": 4.6,
        "latitude": 13.0704,
        "longitude": 80.2275,
        "appointment_time": "2024-10-25T12:53:34"
    },
    {
        "doctor_name": "Dr. Vikram Das",
        "specialization": "Endocrinologist",
        "location": "Alwarpet, Chennai",
        "contact": "vikram.das@example.com",
        "phone": "+91 88980 95106",
        "rating": 4.2,
        "latitude": 13.0364,
        "longitude": 80.246,
        "appointment_time": "2024-11-06T13:53:34"
    },
    {
        "doctor_name": "Dr. Vikram Verma",
        "specialization": "Gastroenterologist",
        "location": "Perumbakkam, Chennai",
        "contact": "vikram.verma@mail.com",
        "phone": "+91 85587 49494",
        "rating": 4.5,
        "latitude": 12.9636,
        "longitude": 80.2031,
        "appointment_time": "2024-11-07T12:53:34"
    },
    {
        "doctor_name": "Dr. Aarav Reddy",
        "specialization": "Psychiatrist",
        "location": "Alwarpet, Chennai",
        "contact": "aarav.reddy@mail.com",
        "phone": "+91 91852 97870",
        "rating": 4.5,
        "latitude": 13.0364,
        "longitude": 80.246,
        "appointment_time": "2024-10-25T05:53:34"
    },
    {
        "doctor_name": "Dr. Aarav Sharma",
        "specialization": "Dermatologist",
        "location": "Thousand Lights, Chennai",
        "contact": "aarav.sharma@healthcare.org",
        "phone": "+91 80141 50793",
        "rating": 4.7,
        "latitude": 13.0633,
        "longitude": 80.2785,
        "appointment_time": "2024-10-11T11:53:34"
    },
    {
        "doctor_name": "Dr. Diya Das",
        "specialization": "Pulmonologist",
        "location": "Thousand Lights, Chennai",
        "contact": "diya.das@example.com",
        "phone": "+91 86428 81893",
        "rating": 5.0,
        "latitude": 13.0633,
        "longitude": 80.2785,
        "appointment_time": "2024-10-29T07:53:34"
    },
    {
        "doctor_name": "Dr. Aarav Mishra",
        "specialization": "Pediatrician",
        "location": "Alwarpet, Chennai",
        "contact": "aarav.mishra@healthcare.org",
        "phone": "+91 94557 54746",
        "rating": 4.8,
        "latitude": 13.0364,
        "longitude": 80.246,
        "appointment_time": "2024-11-02T12:53:34"
    },
    {
        "doctor_name": "Dr. Rohan Sharma",
        "specialization": "Dermatologist",
        "location": "Alwarpet, Chennai",
        "contact": "rohan.sharma@healthcare.org",
        "phone": "+91 82354 11648",
        "rating": 4.7,
        "latitude": 13.0364,
        "longitude": 80.246,
        "appointment_time": "2024-10-20T07:53:34"
    },
    {
        "doctor_name": "Dr. Diya Das",
        "specialization": "Orthopedic Surgeon",
        "location": "Vadapalani, Chennai",
        "contact": "diya.das@example.com",
        "phone": "+91 91490 46173",
        "rating": 4.9,
        "latitude": 13.0498,
        "longitude": 80.2265,
        "appointment_time": "2024-10-31T09:53:34"
    },
    {
        "doctor_name": "Dr. Aarav Patel",
        "specialization": "Pulmonologist",
        "location": "Alwarpet, Chennai",
        "contact": "aarav.patel@example.com",
        "phone": "+91 90637 61561",
        "rating": 4.6,
        "latitude": 13.0364,
        "longitude": 80.246,
        "appointment_time": "2024-10-21T11:53:34"
    },
    {
        "doctor_name": "Dr. Diya Singh",
        "specialization": "Orthopedic Surgeon",
        "location": "Porur, Chennai",
        "contact": "diya.singh@healthcare.org",
        "phone": "+91 82774 73565",
        "rating": 4.3,
        "latitude": 13.0013,
        "longitude": 80.1991,
        "appointment_time": "2024-10-16T05:53:34"
    },
    {
        "doctor_name": "Dr. Diya Singh",
        "specialization": "Psychiatrist",
        "location": "Thousand Lights, Chennai",
        "contact": "diya.singh@mail.com",
        "phone": "+91 73161 64874",
        "rating": 4.1,
        "latitude": 13.0633,
        "longitude": 80.2785,
        "appointment_time": "2024-10-28T12:53:34"
    },
    {
        "doctor_name": "Dr. Siddharth Das",
        "specialization": "Pulmonologist",
        "location": "Porur, Chennai",
        "contact": "siddharth.das@example.com",
        "phone": "+91 91656 39803",
        "rating": 4.5,
        "latitude": 13.0013,
        "longitude": 80.1991,
        "appointment_time": "2024-10-24T10:53:34"
    },
    {
        "doctor_name": "Dr. Rohan Das",
        "specialization": "Cardiologist",
        "location": "Alwarpet, Chennai",
        "contact": "rohan.das@mail.com",
        "phone": "+91 97607 73025",
        "rating": 4.7,
        "latitude": 13.0364,
        "longitude": 80.246,
        "appointment_time": "2024-10-25T07:53:34"
    },
    {
        "doctor_name": "Dr. Priya Nair",
        "specialization": "Pediatrician",
        "location": "Adyar, Chennai",
        "contact": "priya.nair@healthcare.org",
        "phone": "+91 81351 91025",
        "rating": 4.8,
        "latitude": 13.002,
        "longitude": 80.2521,
        "appointment_time": "2024-10-30T07:53:34"
    },
    {
        "doctor_name": "Dr. Ananya Singh",
        "specialization": "General Practitioner",
        "location": "Porur, Chennai",
        "contact": "ananya.singh@example.com",
        "phone": "+91 75876 60596",
        "rating": 4.1,
        "latitude": 13.0013,
        "longitude": 80.1991,
        "appointment_time": "2024-11-03T06:53:34"
    },
    {
        "doctor_name": "Dr. Rohan Verma",
        "specialization": "Pediatrician",
        "location": "Porur, Chennai",
        "contact": "rohan.verma@healthcare.org",
        "phone": "+91 78729 53186",
        "rating": 4.5,
        "latitude": 13.0013,
        "longitude": 80.1991,
        "appointment_time": "2024-11-03T11:53:34"
    },
    {
        "doctor_name": "Dr. Siddharth Patel",
        "specialization": "General Practitioner",
        "location": "Alwarpet, Chennai",
        "contact": "siddharth.patel@example.com",
        "phone": "+91 96616 13533",
        "rating": 4.8,
        "latitude": 13.0364,
        "longitude": 80.246,
        "appointment_time": "2024-10-29T08:53:34"
    },
    {
        "doctor_name": "Dr. Siddharth Patel",
        "specialization": "Gastroenterologist",
        "location": "Thousand Lights, Chennai",
        "contact": "siddharth.patel@mail.com",
        "phone": "+91 94836 21982",
        "rating": 4.3,
        "latitude": 13.0633,
        "longitude": 80.2785,
        "appointment_time": "2024-11-07T09:53:34"
    },
    {
        "doctor_name": "Dr. Arjun Iyer",
        "specialization": "Gynecologist",
        "location": "Anna Nagar, Chennai",
        "contact": "arjun.iyer@example.com",
        "phone": "+91 96975 10545",
        "rating": 4.5,
        "latitude": 13.0704,
        "longitude": 80.2275,
        "appointment_time": "2024-10-18T11:53:34"
    }
]